<application>
  <component name="FileTypeManager" version="17">
    <extensionMap>
      <mapping ext="edge" type="Blade" />
      <mapping pattern=".env.staging" type="PLAIN_TEXT" />
      <mapping pattern=".htaccess_live_2019_02_02" type="PLAIN_TEXT" />
      <mapping pattern=".env-develop" type="PLAIN_TEXT" />
      <mapping pattern=".env" type="PLAIN_TEXT" />
      <mapping pattern="vaah" type="PLAIN_TEXT" />
      <mapping pattern="Dockerfile-backup" type="PLAIN_TEXT" />
      <mapping pattern=".htaccess_live_2018_12_29" type="PLAIN_TEXT" />
      <mapping pattern=".env.development" type="PLAIN_TEXT" />
      <mapping pattern=".htaccess_of_alpha" type="PLAIN_TEXT" />
      <mapping pattern=".env-live" type="PLAIN_TEXT" />
      <mapping pattern="LICENSE" type="PLAIN_TEXT" />
      <mapping pattern=".env.beta" type=".env file" />
      <mapping pattern=".env.localhost" type=".env file" />
      <mapping pattern=".env.whitelabel" type=".env file" />
      <mapping pattern=".git-ftp-ignore" type="Git file" />
    </extensionMap>
  </component>
</application>