<application>
  <component name="TemplateSettings">
    <defaultShortcut shortcut="SPACE" />
    <option name="deletedKeys">
      <list>
        <TemplateKey>
          <option name="groupName" value="JavaScript" />
          <option name="key" value="iter" />
        </TemplateKey>
        <TemplateKey>
          <option name="groupName" value="JavaScript" />
          <option name="key" value="itin" />
        </TemplateKey>
        <TemplateKey>
          <option name="groupName" value="JavaScript" />
          <option name="key" value="itar" />
        </TemplateKey>
        <TemplateKey>
          <option name="groupName" value="JavaScript" />
          <option name="key" value="ritar" />
        </TemplateKey>
        <TemplateKey>
          <option name="groupName" value="JavaScript" />
          <option name="key" value="us" />
        </TemplateKey>
        <TemplateKey>
          <option name="groupName" value="JavaScript" />
          <option name="key" value="ref" />
        </TemplateKey>
        <TemplateKey>
          <option name="groupName" value="PHP" />
          <option name="key" value="fore" />
        </TemplateKey>
        <TemplateKey>
          <option name="groupName" value="PHP" />
          <option name="key" value="forek" />
        </TemplateKey>
        <TemplateKey>
          <option name="groupName" value="PHP" />
          <option name="key" value="thr" />
        </TemplateKey>
        <TemplateKey>
          <option name="groupName" value="PHP" />
          <option name="key" value="eco" />
        </TemplateKey>
        <TemplateKey>
          <option name="groupName" value="PHP" />
          <option name="key" value="rqr" />
        </TemplateKey>
        <TemplateKey>
          <option name="groupName" value="PHP" />
          <option name="key" value="rqro" />
        </TemplateKey>
        <TemplateKey>
          <option name="groupName" value="PHP" />
          <option name="key" value="inc" />
        </TemplateKey>
        <TemplateKey>
          <option name="groupName" value="PHP" />
          <option name="key" value="inco" />
        </TemplateKey>
        <TemplateKey>
          <option name="groupName" value="PHP" />
          <option name="key" value="pubf" />
        </TemplateKey>
        <TemplateKey>
          <option name="groupName" value="PHP" />
          <option name="key" value="pubsf" />
        </TemplateKey>
        <TemplateKey>
          <option name="groupName" value="PHP" />
          <option name="key" value="prof" />
        </TemplateKey>
        <TemplateKey>
          <option name="groupName" value="PHP" />
          <option name="key" value="prosf" />
        </TemplateKey>
        <TemplateKey>
          <option name="groupName" value="PHP" />
          <option name="key" value="prif" />
        </TemplateKey>
        <TemplateKey>
          <option name="groupName" value="PHP" />
          <option name="key" value="prisf" />
        </TemplateKey>
      </list>
    </option>
  </component>
</application>